<?xml version="1.0" encoding="UTF-8"?>
<project-private xmlns="http://www.netbeans.org/ns/project-private/1">
    <editor-bookmarks xmlns="http://www.netbeans.org/ns/editor-bookmarks/2" lastBookmarkId="0"/>
    <open-files xmlns="http://www.netbeans.org/ns/projectui-open-files/2">
        <group>
            <file>file:/C:/Users/Jason/OneDrive%20-%20gloriaschool.org/Documents/NetBeansProjects/FinalProject/src/NewJFrame.java</file>
            <file>file:/C:/Users/Jason/OneDrive%20-%20gloriaschool.org/Documents/NetBeansProjects/FinalProject/src/indowest.java</file>
            <file>file:/C:/Users/Jason/OneDrive%20-%20gloriaschool.org/Documents/NetBeansProjects/FinalProject/src/main.java</file>
            <file>file:/C:/Users/Jason/OneDrive%20-%20gloriaschool.org/Documents/NetBeansProjects/FinalProject/src/app.java</file>
        </group>
    </open-files>
</project-private>
